Name,Camera,DTO,OHP,OLP,PhotoID
BlotchedTab,PW-S6-C4,210,779,1643,1a3640be-d8dd-4c29-bb14-7d4aadd3e0ac.jpg
BlotchedTab,PW-S6-C4,200,887,1697,9d122b88-6419-4a68-beb8-96f4ed034b59.jpg
BlotchedTab,PW-S6-C4,170,1024,1967,9f8176d8-2289-4638-9abd-594c80bba72d.jpg
BlotchedTab,PW-S6-C4,210,841,1559,12c61303-cf72-47f9-aacf-063ac815efac.jpg
BlotchedTab,PW-S6-C4,220,851,1613,ada56b4b-d1ac-47ef-877d-044b894cd0f8.jpg
BlotchedTab,PW-S6-C4,180,1012,1853,d6e796a2-f185-43a8-b581-8b9f5ba537ef.jpg
BlotchedTab,PW-S6-C4,190,959,1835,f143967e-ef1a-4ceb-9798-99cee0520a19.jpg
BlotchedTab,PW-S7-C3,220,845,1565,265a2ea0-f276-4f5f-9d75-dc90355d3a07.jpg
BlotchedTab,PW-S8-C4,210,929,1649,d11fcca8-295b-4b9f-956d-42b498c5b8d8.jpg
BlotchedTab,PW-S9-C2,200,959,1751,22b9918a-d725-488b-8098-5337ff8fef25.jpg
BlotchedTab,PW-S9-C3,190,890,1583,1f988dee-d30d-447d-bdaa-363951cefe8d.jpg
BrokenTab,PW-S6-C4,210,881,1559,3ceec353-0a8f-446e-9800-daf237b44af3.jpg
BrokenTab,PW-S6-C4,220,869,1541,8cb18e27-44dd-4508-a2a0-0fbdaaea271c.jpg
BrokenTab,PW-S6-C4,210,869,1697,18b7ded8-264a-47ce-8df7-7d067f90c7bd.jpg
BrokenTab,PW-S6-C4,220,870,1637,47e75022-2a6d-4e82-8024-5c654c6572a3.jpg
BrokenTab,PW-S6-C4,210,983,1655,96226f6d-b183-4c64-9b1e-daa962b84b98.jpg
BrokenTab,PW-S6-C4,200,953,1745,b61a4d17-6509-4626-9e04-961ac3d40293.jpg
BrokenTab,PW-S6-C4,210,899,1691,ce3d0727-aa73-487a-bba9-0081a980628c.jpg
BrokenTab,PW-S7-C2,170,802,1511,4c994ad8-ff6a-4ae9-9ebc-ee8b41ae361f.jpg
BrokenTab,PW-S7-C5,150,989,2063,43055c41-f4f2-4c88-ae86-f4d426348362.jpg
BrokenTab,PW-S7-C5,140,1019,1943,9240225f-e45f-4c7e-bf76-8cc4449248da.jpg
BrokenTab,PW-S7-C5,150,1079,2183,f93708a1-487a-4df6-ab17-554cf4d7d0b3.jpg
BrokenTab,PW-S7-C5,165,1109,2039,ff48594c-d1c6-4f48-901b-463b8611b1a6.jpg
BrokenTab,PW-S7-C5,195,797,1529,47a67474-0ed7-4a56-b53a-24157e880302.jpg
BrokenTab,PW-S7-C5,140,1307,1913,41024a62-1a4d-45d2-a03e-c915d549e260.jpg
BrokenTab,PW-S8-C3,160,1204,2159,e2ad40fa-9281-451e-872e-1a36dd627da5.jpg
BrokenTab,PW-S8-C3,170,1055,1907,8f749af8-03b0-462f-adc4-85df94e68d63.jpg
BrokenTab,PW-S8-C3,170,1001,2093,028d473e-19a8-45c4-9c1f-5a3a50e317e4.jpg
BrokenTab,PW-S8-C3,160,1150,2021,101d9218-b8e2-4cac-a6a2-bd9214ff8aea.jpg
BrokenTab,PW-S8-C3,180,1151,2021,913a0d30-fb41-413c-a0fe-fd7618e83150.jpg
BrokenTab,PW-S8-C3,170,1055,1943,bbbc2e38-915a-4e6f-aa52-0d47c57bc1c1.jpg
BrokenTab,PW-S8-C3,170,1073,2075,c3fa72a1-2c40-4116-9ae9-4e33f35a6f0e.jpg
BrokenTab,PW-S8-C3,215,935,1751,9f55b0d6-bc32-4bb6-ae15-2f11eee4a921.jpg
BrokenTab,PW-S8-C3,160,1168,2141,a5f20858-2929-4801-aa91-9001bf7ab974.jpg
BrokenTab,PW-S8-C3,195,893,1685,b04af87b-f419-4703-b5dc-670e6674480f.jpg
BrokenTab,PW-S8-C3,170,1007,1889,9d59d454-bfac-42f6-926a-4d90809c9e78.jpg
BrokenTab,PW-S8-C4,230,767,1391,803f0aa7-9a37-44c7-a088-da7e534c6364.jpg
BrokenTab,PW-S8-C4,95,1566,2975,b0fbea55-b857-444d-9b80-ec6036eb13a0.jpg
BrokenTab,PW-S8-C5,230,707,1241,2e02fb26-2fad-4c85-933f-83b8f48d5731.jpg
BrokenTab,PW-S8-C5,230,701,1253,8f24b026-bc4c-43fe-ab56-488ea0b0e520.jpg
BrokenTab,PW-S8-C5,205,803,1463,be9949d6-12cf-4d06-be7e-10562eb1e926.jpg
BrokenTab,PW-S9-C1,200,923,1787,5a5c8e53-9a9c-4c9f-b212-284ec71022a2.jpg
BrokenTab,PW-S9-C1,200,1000,1656,83e5cd51-7f2d-4497-b64c-1f85006cc04c.jpg
BrokenTab,PW-S9-C1,220,827,1319,aca327ac-eb9d-4cf9-b3a7-6449ce08bb09.jpg
BrokenTab,PW-S9-C1,200,917,1769,ad8121af-fcf0-41db-a87f-e1ae68dca3f7.jpg
BrokenTab,PW-S9-C1,170,1162,1979,b2a21edf-d63c-41fa-ac91-97763a81ed11.jpg
BrokenTab,PW-S9-C1,180,1097,1872,dd3514f9-dc93-4f95-8da3-8f1484eb8085.jpg
BrokenTab,PW-S9-C1,160,953,1727,e5f20773-0e95-4486-b9b1-89794613a2dd.jpg
BrokenTabby,PW-S10-C1,210,923,1757,85ba49f6-1822-4e55-93aa-554faa31b6d6.jpg
BrokenTabby,PW-S10-C1,190,1070,1955,c4bb037b-04f5-416a-a03a-5dd60d20f02f.jpg
BrokenTabby,PW-S10-C3,200,1055,2000,3eae41c7-7ddb-4005-bf54-35f90624a039.jpg
BrokenTabby,PW-S10-C5,120,1259,2363,5f0ca620-c44a-4799-ab12-324dac6aa0b2.jpg
BrokenTabby,PW-S10-C5,135,1289,2507,7c77c9cd-b3cd-417e-a9b0-4968973513bd.jpg
BrokenTabby,PW-S10-C5,145,1282,2465,08ec75fc-d794-417f-b37f-42710ac1b60a.jpg
BrokenTabby,PW-S10-C5,85,1840,3474,c804962e-782e-4a0d-b9d7-073e94fa7e52.jpg
BrokenTabby,PW-S10-C5,130,1385,2405,d730c74d-0401-4e7e-9ce9-18e9f3a66d71.jpg
BrokenTabby,PW-S10-C5,160,1192,2225,d56200e0-e0b9-48b8-898a-3ec1e20d3987.jpg
BrokenTabby,PW-S10-C5,120,1331,2555,f3283e88-d2f7-4da0-b04c-81f665ff13b9.jpg
BrownTab,PW-S4-C3,165,1000,1952,BrownTab3.jpg
BrownTab,PW-S4-C3,170,984,1920,BrownTab4.jpg
BrownTab,PW-S4-C3,190,944,1632,BrownTab.jpg
BrownTab,PW-S4-C3,170,1024,1888,BrownTab1.jpg
BrownTab,PW-S4-C3,175,1000,1696,BrownTab2.jpg
Pacman,PW-S5-C5,220,732,1440,Pacman.jpg
Pacman,PW-S5-C5,180,846,1572,Pacman0.jpg
Pasta,PW-S7-C1,160,1073,1907,Pasta.jpg
Pasta,PW-S7-C3,230,767,1511,Pasta2.jpg
Pasta,PW-S7-C3,230,743,1505,Pasta6.jpg
Pasta,PW-S7-C3,220,923,1685,Pasta9.jpg
Patty,PW-S3-C4,130,1331,2843,Patty.jpg
Patty,PW-S3-C4,230,713,1265,Patty3.jpg
Paul,PW-S2-C3,220,689,1357,Paul.jpg
Paul,PW-S2-C4,160,1020,1961,Paul.jpg
Pearl,PW-S5-C2,230,740,1457,Pearl1.jpg
Pearl,PW-S5-C2,190,749,1367,Pearl3.jpg
Pearl,PW-S5-C2,180,730,1373,Pearl4.jpg
Pebble,PW-S6-C4,210,989,1637,Pebble.jpg
Pebble,PW-S6-C5,210,875,1625,Pebble.jpg
Peeves,PW-S3-C1,135,1258,2418,Peeves.jpg
Peeves,PW-S3-C1,120,1420,2891,Peeves1.jpg
Peeves,PW-S3-C1,150,1133,2230,Peeves4.jpg
Peeves,PW-S3-C1,150,1163,2267,Peeves5.jpg
Peeves,PW-S3-C1,140,1228,2412,Peeves6.jpg
Peeves,PW-S3-C1,140,1181,2429,Peeves7.jpg
Peeves,PW-S3-C1,140,1204,2453,Peeves8.jpg
Peeves,PW-S3-C1,145,1198,2357,Peeves9.jpg
Peeves,PW-S3-C1,160,1079,2147,Peeves11.jpg
Peeves,PW-S3-C3,230,770,1529,Peeves.jpg
Pen,PW-S8-C4,220,840,1565,Pen.jpg
Pen,PW-S8-C5,220,863,1682,Pen.jpg
Pen,PW-S8-C5,210,851,1668,Pen2.jpg
Penny,PW-S7-C3,190,875,1541,Penny3.jpg
Penny,PW-S7-C3,170,815,1487,Penny5.jpg
Penny,PW-S7-C3,170,803,1523,Penny6.jpg
Phineas,PW-S1-C4,170,870,1704,Phineas.jpg
Phineas,PW-S1-C4,140,929,1679,Phineas1.jpg
Phineas,PW-S1-C4,140,900,1601,Phineas2.jpg
Phineas,PW-S1-C4,150,870,1625,Phineas3.jpg
Phineas,PW-S1-C4,140,950,1643,Phineas4.jpg
Phineas,PW-S1-C4,160,840,1541,Phineas5.jpg
Phineas,PW-S1-C4,140,894,1685,Phineas6.jpg
Phineas,PW-S1-C4,170,860,1655,Phineas7.jpg
Phineas,PW-S1-C4,190,996,1835,phineas8.jpg
Phineas,PW-S1-C4,220,900,1647,Phineas9.jpg
Phineas,PW-S1-C4,225,870,1608,Phineas10.jpg
Phineas,PW-S1-C4,200,864,1646,Phineas11.jpg
Phineas,PW-S1-C5,125,1600,2844,Phineas3.jpg
Phineas,PW-S1-C5,140,1420,2664,Phineas4.jpg
Phineas,PW-S1-C5,150,1264,2321,Phineas5.jpg
Phineas,PW-S1-C5,115,1700,3180,Phineas6.jpg
Pinokio,PW-S4-C5,215,785,1589,Pinokio3.jpg
Pinokio,PW-S4-C5,220,887,1715,Pinokio7.jpg
Pinokio,PW-S4-C5,220,935,1681,Pinokio.jpg
Pippy,PW-S5-C5,120,1200,2393,Pippy2.jpg
Pippy,PW-S5-C5,230,702,1439,Pippy3.jpg
Pippy,PW-S5-C5,230,720,1367,Pippy.jpg
Pippy,PW-S5-C5,210,696,1355,Pippy0.jpg
Pippy,PW-S5-C5,220,738,1475,Pippy1.jpg
Plum,PW-S5-C5,200,774,1415,Plum.jpg
Plum,PW-S5-C5,230,737,1415,Plum0.jpg
Pluto,PW-S10-C2,200,923,1811,Pluto.jpg
Pluto,PW-S10-C2,220,923,1700,Pluto1.jpg
Poles,PW-S7-C5,190,887,1733,Poles.jpg
Poles,PW-S7-C5,150,917,1841,Poles0.jpg
Poles,PW-S7-C5,170,887,1877,Poles1.jpg
Pond,PW-S9-C1,200,983,1727,Pond.jpg
Pond,PW-S9-C1,190,918,1757,Pond2.jpg
Pond,PW-S9-C1,220,929,1326,Pond4.jpg
Pond,PW-S9-C1,170,1001,1830,Pond5.jpg
Pond,PW-S9-C1,165,953,1913,Pond6.jpg
Pond,PW-S9-C2,230,791,1649,Pond.jpg
Pond,PW-S9-C2,190,917,1871,Pond1.jpg
Pond,PW-S9-C2,200,850,1655,Pond2.jpg
Pond,PW-S9-C2,210,803,1547,Pond3.jpg
Pong,PW-S10-C1,180,955,1883,Pong.jpg
Pong,PW-S10-C1,180,947,1847,Pong1.jpg
Pong,PW-S10-C1,180,959,1870,Pong2.jpg
Pong,PW-S10-C1,170,953,1901,Pong3.jpg
Pong,PW-S10-C1,190,869,1787,Pong4.jpg
Porg,PW-S10-C1,175,971,1908,Porg.jpg
Porg,PW-S10-C1,195,923,1746,Porg1.jpg
Porg,PW-S10-C1,190,989,1806,Porg2.jpg
Porg,PW-S10-C1,185,1079,1860,Porg3.jpg
Porg,PW-S10-C1,205,983,1697,Porg4.jpg
Porg,PW-S10-C1,220,929,1686,Porg6.jpg
Porg,PW-S10-C1,225,980,1685,Porg7.jpg
Porg,PW-S10-C1,200,887,1722,Porg8.jpg
Porg,PW-S10-C1,205,989,1907,Porg9.jpg
Porg,PW-S10-C1,210,983,1757,Porg10.jpg
Porg,PW-S10-C1,210,935,1739,Porg11.jpg
Porg,PW-S10-C1,140,1229,2411,Porg12.jpg
Porg,PW-S10-C1,180,1050,1883,Porg13.jpg
Porg,PW-S10-C1,225,875,1655,Porg14.jpg
Porg,PW-S10-C1,180,1010,1866,Porg15.jpg
Porg,PW-S10-C1,200,851,1602,Porg16.jpg
Porg,PW-S10-C1,180,1013,1979,Porg17.jpg
Porg,PW-S10-C1,210,947,1800,Porg18.jpg
Porg,PW-S10-C1,170,1067,1931,Porg19.jpg
Porg,PW-S10-C1,190,983,1728,Porg20.jpg
Porg,PW-S10-C1,210,960,1751,Porg21.jpg
Porg,PW-S10-C2,170,1198,2381,Porg.jpg
Porg,PW-S10-C2,210,893,1727,Porg1.jpg
Porg,PW-S10-C2,210,1000,1733,Porg2.jpg
Porg,PW-S10-C2,215,947,1697,Porg3.jpg
Porg,PW-S10-C2,210,929,1697,Porg4.jpg
Pove,PW-S10-C4,200,947,1703,Pove.jpg
Pove,PW-S10-C5,210,881,1541,Pove.jpg
Predator,PW-S10-C5,140,1091,2045,Predator3.jpg
Predator,PW-S10-C5,180,1037,2028,Predator1.jpg
Predator,PW-S10-C5,210,929,1811,Predator2.jpg
Predator,PW-S9-C2,190,1000,1985,Predator.jpg
Predator,PW-S9-C2,210,833,1547,Predator1.jpg
Prickle,PW-S7-C5,140,980,1631,Prickle.jpg
Prickle,PW-S7-C5,130,1070,1961,Prickle0.jpg
Prickle,PW-S7-C5,150,1019,2136,Prickle1.jpg
Prickle,PW-S7-C5,155,941,1781,Prickle2.jpg
Prince,PW-S1-C4,130,1000,1877,Prince9.jpg
Prince,PW-S1-C4,140,965,1794,Prince.jpg
Prince,PW-S1-C4,130,970,1800,Prince1.jpg
Prince,PW-S1-C4,150,1000,1901,Prince2.jpg
Prince,PW-S1-C4,200,800,1500,Prince3.jpg
Prince,PW-S1-C4,140,950,1846,Prince4.jpg
Prince,PW-S1-C4,170,870,1667,Prince5.jpg
Prince,PW-S1-C4,170,870,1600,Prince6.jpg
Prince,PW-S1-C4,168,941,1811,Prince6.jpg
Prince,PW-S1-C4,160,913,1731,Prince8.jpg
Pronto,PW-S10-C4,195,1043,1889,Pronto1.jpg
Pronto,PW-S10-C4,180,1079,1992,Pronto2.jpg
Pronto,PW-S10-C4,180,1085,1926,Pronto3.jpg
Psyduck,PW-S5-C5,190,850,1494,Psyduck0.jpg
Psyduck,PW-S5-C5,220,756,1289,Psyduck1.jpg
Punisher,PW-S7-C5,150,1211,2016,Punisher0.jpg
Punisher,PW-S7-C5,140,1157,2225,Punisher1.jpg
Punisher,PW-S7-C5,145,1181,2213,Punisher2.jpg
Punisher,PW-S7-C5,180,923,1685,Punisher3.jpg
Punisher,PW-S7-C5,150,1205,2207,Punisher4.jpg
Punisher,PW-S7-C5,150,1175,2141,Punisher5.jpg
Punisher,PW-S7-C5,155,1157,2255,Punisher6.jpg
Punisher,PW-S7-C5,150,1229,2363,Punisher7.jpg
Punisher,PW-S7-C5,140,1211,2225,Punisher8.jpg
Punisher,PW-S7-C5,150,1193,2003,Punisher9.jpg
Punisher,PW-S7-C5,150,1229,2231,Punisher10.jpg
Pur,PW-S8-C2,230,713,1355,Pur.jpg
Pur,PW-S8-C3,180,1031,1895,Pur1.jpg
Pur,PW-S8-C3,180,989,1901,Pur2.jpg
Pur,PW-S8-C3,170,1103,1823,Pur3.jpg
Pur,PW-S8-C3,170,1079,1991,Pur.jpg
SpottedTab,PW-S10-C3,220,773,1613,4dd50fc9-0d41-47cb-a27b-958861ae2608.jpg
SpottedTab,PW-S10-C3,230,815,1583,817bd6b2-6408-4438-a05d-1ee942024987.jpg
SpottedTab,PW-S6-C1,230,611,1146,SpottedTab.jpg
SpottedTab,PW-S9-C1,180,1072,1924,0d22b0bc-bf67-4bf9-b3ea-80968a562dfb.jpg
SpottedTab,PW-S9-C1,190,876,1537,4ee67127-21cb-4f47-aacc-43d1e3f4620a.jpg
SpottedTab,PW-S9-C1,200,816,1541,6e8312a4-39bd-4c08-8737-0734a375c13f.jpg
SpottedTab,PW-S9-C1,230,755,1289,58af2f5e-0e4e-4259-86cc-a0ef1abceb1d.jpg
SpottedTab,PW-S9-C1,215,983,1763,404b149a-7087-48c1-990d-e999ddf6bfc4.jpg
SpottedTab,PW-S9-C1,190,1037,1811,f42cc927-a56f-4e44-b85a-3b23907b9cda.jpg
Tuxedo,PW-S3-C5,210,640,1208,b819f474-ee43-4644-993e-af0bcaaec5c1.jpg
Tuxedo,PW-S3-C5,210,624,1168,59bbb232-dc55-4d28-9d22-01c6478851bf.jpg
Tuxedo,PW-S3-C5,200,554,1320,87dc0fdd-8f6c-4b11-acde-5dadc4532565.jpg
